{
  "mean": [
    15.089285850524902,
    1.5103448629379272,
    0.5155173540115356,
    0.031766798347234726,
    0.7882118821144104,
    -0.10769455879926682,
    -0.0077696871012449265,
    0.046628016978502274
  ],
  "std": [
    10.106690406799316,
    0.7811657786369324,
    0.281684547662735,
    0.17537863552570343,
    0.4085754454135895,
    1.4940325021743774,
    1.9863086938858032,
    0.33549046516418457
  ]
}