{
  "mean": [
    15.089285850524902,
    1.5103448629379272,
    0.5155172944068909,
    0.031766798347234726,
    0.7882118821144104,
    -0.10769455134868622,
    -0.0077696810476481915,
    0.046628016978502274
  ],
  "std": [
    10.106689453125,
    0.7811657786369324,
    0.2816845774650574,
    0.17537863552570343,
    0.40857547521591187,
    1.4940325021743774,
    1.9863088130950928,
    0.33549046516418457
  ]
}